{
  "thirds": {
    "sm": {
      "steps": 11,
      "ratio": 1.1547232854672358,
      "cents": 249.056603773585
    },
    "vm": {
      "steps": 12,
      "ratio": 1.1699242279513258,
      "cents": 271.6981132075471
    },
    "m": {
      "steps": 13,
      "ratio": 1.18532527781639,
      "cents": 294.33962264150955
    },
    "^m": {
      "steps": 14,
      "ratio": 1.2009290693046117,
      "cents": 316.98113207547175
    },
    "n": {
      "steps": 15,
      "ratio": 1.2167382713357153,
      "cents": 339.62264150943395
    },
    "N": {
      "steps": 16,
      "ratio": 1.2327555879634662,
      "cents": 362.26415094339626
    },
    "vM": {
      "steps": 17,
      "ratio": 1.24898375883818,
      "cents": 384.90566037735846
    },
    "M": {
      "steps": 18,
      "ratio": 1.2654255596753214,
      "cents": 407.54716981132077
    },
    "^M": {
      "steps": 19,
      "ratio": 1.2820838027302701,
      "cents": 430.1886792452831
    },
    "SM": {
      "steps": 20,
      "ratio": 1.298961337279338,
      "cents": 452.83018867924545
    }
  },
  "fifths": {
    "subdim": {
      "steps": 29,
      "ratio": 1.4612163597825027,
      "cents": 656.6037735849056
    },
    "dim": {
      "steps": 30,
      "ratio": 1.4804520209330247,
      "cents": 679.2452830188679
    },
    "vP": {
      "steps": 30,
      "ratio": 1.4804520209330247,
      "cents": 679.2452830188679
    },
    "P": {
      "steps": 31,
      "ratio": 1.4999409030781112,
      "cents": 701.8867924528303
    },
    "^P": {
      "steps": 32,
      "ratio": 1.5196863396551512,
      "cents": 724.5283018867925
    },
    "aug": {
      "steps": 32,
      "ratio": 1.5196863396551512,
      "cents": 724.5283018867925
    },
    "upaug": {
      "steps": 33,
      "ratio": 1.5396917079833807,
      "cents": 747.1698113207548
    }
  },
  "sevenths": {
    "sm": {
      "steps": 42,
      "ratio": 1.732016687609049,
      "cents": 950.943396226415
    },
    "vm": {
      "steps": 43,
      "ratio": 1.7548172030062736,
      "cents": 973.5849056603774
    },
    "m": {
      "steps": 44,
      "ratio": 1.777917867649229,
      "cents": 996.2264150943397
    },
    "^m": {
      "steps": 45,
      "ratio": 1.801322632745515,
      "cents": 1018.8679245283021
    },
    "n": {
      "steps": 46,
      "ratio": 1.8250355015169928,
      "cents": 1041.5094339622642
    },
    "N": {
      "steps": 47,
      "ratio": 1.8490605298845093,
      "cents": 1064.1509433962265
    },
    "vM": {
      "steps": 48,
      "ratio": 1.8734018271616337,
      "cents": 1086.792452830189
    },
    "M": {
      "steps": 49,
      "ratio": 1.898063556757526,
      "cents": 1109.433962264151
    },
    "^M": {
      "steps": 50,
      "ratio": 1.9230499368890603,
      "cents": 1132.0754716981132
    },
    "SM": {
      "steps": 51,
      "ratio": 1.9483652413023211,
      "cents": 1154.7169811320755
    }
  }
}